x1,x2,label
1.00676852163928,-0.5001176765371833,1
1.831027278243388,0.2141221585646426,1
0.14665095979207177,1.1511150698015873,0
-0.19404733508723543,1.268409506955791,0
-0.6888499501110263,0.7699472682021604,0
-0.0447198543569535,0.043324339628802784,1
0.8715803651191375,-0.5170920419669973,1
-1.2259460303627903,0.2772613364059509,0
1.5210891896896261,-0.2891174419397514,1
0.6034897192010406,0.8946500713278661,0
0.17371182183636355,0.2105777951447217,1
1.9986144142614135,0.4383599662195421,1
-0.8518149857028047,0.6587918392343851,0
1.9843363993121832,0.18821218211413504,1
1.23262045374706,0.30531098211454916,0
1.4067413049199569,-0.4428011431644359,1
1.8833103503615995,0.2288684927189021,1
-0.7483594363764374,0.40362834732943176,0
-0.19420340091975902,0.9303785644315862,0
0.9668022422467369,0.35129999773590537,0
1.1719461411022114,-0.2918508702406998,1
1.4065067788690548,-0.41411497501332095,1
1.0757651412295781,-0.6162524220752935,1
1.4367229725132833,-0.515446195173848,1
1.6964340631147632,0.20931269066493108,1
-0.29414506518254074,1.0184877455426322,0
2.2772284020142926,0.24505019450870408,1
1.6962563236588781,0.27893950502958215,1
1.6359135371918425,-0.22717716476786987,1
1.7399453776886373,-0.448358257356963,1
1.0230544540361706,-0.24208197670859904,1
-1.0086596550521063,0.5401543566545193,0
2.1253055174663555,-0.46940832145332834,1
0.23061357995088655,-0.09356738462934389,1
0.8877698380375649,0.6830313539512446,0
0.12010302852676856,0.6827010121043027,0
-0.17978932771193942,1.2708582996387856,0
-0.35817214439588385,1.1942034068783969,0
1.0342316629079624,-0.35220280160868356,1
0.8285433543973995,0.22474564851802598,0
1.4374479648731715,-0.07932627279147306,1
0.023621761128483687,0.7312942910064679,0
1.5801753188360936,0.02839383085381611,1
0.21284880804430378,0.21231981727376628,1
0.52362670748345,0.1583830920784759,1
-0.2180594120244381,1.0348674086253746,0
0.00017221821800467163,0.7025458485013273,0
0.17873670684438273,0.9683248194618119,0
-1.1610070757396085,0.28880586484378606,0
0.45355176017425425,-0.6978276202593101,1
-1.2158394865066393,0.6629995637533106,0
-1.0210610045939377,0.8395805805233505,0
1.176130940020315,-0.7467262445752136,1
1.8815703267398334,-0.6816913819264983,1
-0.6096369964420201,0.7195002360645617,0
-0.9869557691806916,-0.005067618618136316,0
0.7446985261387813,0.6087814033352235,0
-0.1619340306141251,1.0704518164780792,0
0.4778786321026426,1.1815505615270625,0
0.12062361249246174,-0.09004439652986924,1
-1.2578925723800582,0.43399409731539623,0
-0.4060439329058916,0.5471011576249789,0
-0.19502568099257928,0.9155158711411785,0
0.6144290792013862,0.0005094018915021148,0
0.2623790388443156,0.38505608359959687,1
-0.45137981468231525,0.8104925545633976,0
0.3198915977864775,1.1837014018453484,0
1.249707909414279,-0.111942559613464,1
1.584490466902759,-0.41386021971498266,1
0.7532418852680217,0.827932372686877,0
0.41289525573442054,1.2860048002990532,0
0.6190694826236788,0.033791671795376295,1
0.5544480302031384,0.6178054977254708,1
0.32577635290227314,1.3110233780453697,0
-0.5623673798683448,0.06430836627874469,0
2.1894273023035256,0.11463070123655261,1
-0.3295173569315786,0.28199566150770455,0
-0.6683100561747984,0.3079841397216748,0
-0.21210806658946252,1.0287145964931796,0
0.13097242453939228,-0.20574325945315855,1
0.30165354243103304,-0.12920479060428708,1
0.8701864561968784,0.894849625812268,0
0.4907927284674817,0.655141642539666,0
-0.08287968651850348,-0.05296325022581028,1
0.1597959270569163,0.11768579482713937,1
1.2458779448661153,0.20058305132274454,0
-0.4673210804316677,0.7710245071912051,0
0.26185649583563864,0.22832072191302188,1
0.23821410472879614,1.21977646289983,1
0.157962752159936,-0.15381195137496106,1
1.2937687901097017,-0.8810305600607631,1
0.8388909249513501,0.9702045281725095,0
0.17559556654636926,0.5767780218917289,0
1.7502474943579553,-0.4669280227991549,1
0.6346985328569035,-0.3144080920235998,1
-0.5434876981895295,1.252547113330988,0
0.20065214187785488,1.2956713835503941,0
0.9275048397114801,-0.08784401226747596,0
1.0096437844857977,-0.5181410269402074,1
-0.3051662138158483,0.9617806554573256,0
0.8502204538736855,-0.7450919428217839,1
-0.5369255427205619,0.36330772794707045,0
1.1068902942545749,-0.6776103667777801,1
0.6124557280316915,-0.8921607583019211,1
-0.062309121634537834,1.255280187142363,0
0.6314472488420401,0.04534998612439639,0
1.0778217921979116,0.1700731605393463,0
0.6728289385425104,-0.6527470267778531,1
1.4831088744022993,-0.05117341165656898,0
0.09136539635495253,-0.28326427287498307,1
-0.28505253590262414,0.9306647728942697,0
1.5569846633236275,-0.49602144262621195,1
-0.6487234170277874,-0.3846091078942936,0
0.6921585029997059,0.28579493670567835,0
1.0445706902225913,0.739544638681153,0
0.055266160132231956,0.9355505543958957,0
0.4364005707895468,0.7955812492658303,1
0.6814284544943237,0.5350207648953672,0
0.9231997474571142,0.3444458545938598,0
0.6915348231970048,-0.6224884716993084,1
0.8801440746417056,-0.14298651431304074,1
1.7861204885909119,-0.5362939208109216,1
1.5648106956843955,0.3164413939683603,1
-0.6994456709426564,1.0588547115177251,0
0.5637655888936379,0.5804818483039912,0
1.4555077020458373,-0.3680737588816751,1
1.5507628471492234,-0.36729546866301266,1
-0.17893118718869433,0.5706617358834546,1
1.5365214284041062,-0.7468818497991873,1
-0.37173186728020313,0.9825504676605249,0
1.522763616584982,-0.33730810322625454,1
0.8464495116296787,0.3911143248715235,0
0.670329479396915,-0.3397105249030498,1
2.1257725334636275,0.7098478733073083,1
-1.1967372127816334,0.9150131337503195,0
1.0836283988725746,-0.21503209050522126,0
-0.2798857717650456,0.7774125863746453,0
0.03708999931396523,0.8678046462276694,0
0.5731800409851584,-0.5609621779201088,1
0.6345306434784157,0.8777461163561049,0
1.1842731281042755,-0.2731326464919698,1
0.3407217419341909,1.144285322830418,0
2.238957746547917,0.057461120172267066,1
0.8225988371250974,0.4727425159836381,0
-0.4796993918776577,1.1419890555830596,0
1.92655647098251,-0.7456100846315471,1
-0.7076171889699553,0.7901825620393621,0
0.42909313950582617,-0.37748393141514514,1
-0.0786919127038617,1.0538725262432802,0
0.32628831846863826,0.5406166702704732,1
2.6156482644318437,-0.049273643917373655,1
0.9156736210819387,-0.40353944282468635,1
-0.20773158641454736,-0.4305491660617292,1
2.3965314938900177,0.443310331352403,1
-0.5486847135121465,1.2600003838849219,0
1.8845662862272894,0.5100304876187075,1
1.222014789006493,-0.386832544162895,1
0.4381633847471188,0.5493458949673015,0
-0.28022747668034775,0.9737948599456744,0
1.0813800412022028,-0.09812729894565661,0
0.3391055341362411,1.0544150782692885,0
0.14202891328252584,1.18424271898759,0
0.3912747282754887,-0.3749926116188234,1
1.7374854198045866,0.4900983453641697,1
0.6469418288544438,0.4268660565491276,0
0.9832978141903631,0.5325901752194835,0
1.8538116933654722,0.23419111975299,1
0.5588735356565886,-0.322037643349434,1
0.3405487554132755,-0.08277928035489943,1
0.09618387102798112,0.43050574547449383,0
0.5823151243065029,1.4165115217348736,0
1.2245643133152366,-0.3887822863981837,1
-0.7672677026918839,0.984012321323507,0
-0.794016542269198,0.14064422687317796,0
0.9384936180404243,0.8888739056994568,0
0.323914182753148,0.5782213174613824,0
1.1291480486859053,-0.3846446920385577,1
-0.7035624717656164,0.41978773320402263,0
-0.5777110534933126,1.008105112882801,0
1.4012747733887152,-0.2894200704984091,1
0.5310309919507482,0.8240413595153876,0
-0.14753148734937538,0.17152484716113958,0
0.5220132165464083,0.5177980175186125,0
0.8159187753026557,-0.026931944103329414,0
1.3966739858619426,0.0028949605620126606,1
-0.10206350145821666,0.27971171267911277,1
0.3816385253792292,-0.5330989418236942,1
0.39080969872975935,1.2303614196928976,0
0.3186151412077468,-0.9702946249779224,1
2.0667004925379273,-0.22181312989192695,1
-1.1658937138129684,0.9187405436605625,0
0.2028877834624131,0.019368156306173723,1
1.947677516345424,-0.49423171449528197,1
1.3402074808282687,0.2316330473426722,1
-0.05518942614219707,-0.5237003414971814,1
0.5196418874138785,1.1516401059955954,0
0.3376071101626499,0.12279345002216499,1
0.3684119470763789,0.7971582749938535,0
0.15804272333455593,0.08987563100684909,1
-0.40140087991034484,1.175072075966554,0
0.050400726508059546,-0.3394519438569055,1
-0.8589535828482489,0.43576647276314096,0
-0.6774676639271221,0.8246121872304784,0
-0.5728842413521642,0.9707220114557403,0
1.2867792858427085,-0.3713449367911254,1
0.1291059364657124,-0.08158348207278987,1
0.3038777824479161,0.265577244879921,0
-1.5348200001276693,0.18459156678910987,0
-0.08991609344160875,1.192475010065635,0
-0.06130672025323927,0.13068516732212015,1
1.1686138212572106,0.08960185230577195,0
1.2765404483911589,-0.2288979835571368,1
-0.3075621512686477,0.44333884313170063,1
1.7990270040901057,-0.038572915705683,1
0.07417007228618394,0.5911441829456385,0
0.15090289657300948,0.5880120430173548,0
1.2522555876905044,-0.21754278961229154,1
-0.2815435226991911,0.7865708438335107,0
2.192347326119106,0.33512438317739335,1
0.6810463413031851,0.12112474360702019,0
1.6536053314776262,-0.9753709081465202,1
0.6044919947731844,0.1263253158185184,1
-0.556130219444098,0.09023002948578791,0
-0.8214935137073358,0.5696945925959381,0
0.47372042302752115,1.0374487399851129,0
-0.14527409055928533,0.9763385940752944,0
0.8115483325475967,0.7828028419747994,0
1.2006346647856763,-0.16669641493899198,0
1.221918096464293,-0.2034381439769233,1
1.6879585346457986,0.12774099453116358,1
0.9907158684829528,-1.3161267808635722,1
-0.2577008750418913,0.9558292432354207,0
-1.0975253851563547,0.18009129283032668,0
1.2460792033136143,-0.4611442882478161,1
0.4260396591426744,-0.21883748793456828,1
0.704842430119241,-0.5092487350237626,1
1.4704674881012565,-0.49260898079997656,1
1.1180035339858683,-0.32303717116268404,1
1.4272933531868692,-0.7645734774198647,1
2.1386870720183184,0.6312915425160823,1
-1.0067787031662643,0.0798125842487401,0
0.5838726715234306,-0.25744236795444403,1
0.20448209161186465,-0.09138965897450202,1
1.2953109942152692,0.7404831214879606,0
-0.796854316252354,0.6037923441676811,0
-0.7484762607186052,0.6729647780443626,0
2.038689593649703,0.007741636965461041,1
1.4171874291295061,-0.3118273477046416,1
1.6511527010047473,-0.7397742981341087,1
-0.7808935446526598,-0.061113657991753445,0
0.27311285106760413,-0.4362512830132211,1
0.5289641911359566,0.8800150024651437,0
1.6465281622130803,-0.2126118926441125,1
-0.5274843680393629,0.397317761384106,0
1.0981384157913778,-0.2422201128176876,1
0.5310191253192891,-0.6106091944858811,1
0.24848935255922333,0.8764496013141357,0
-1.0791321261744709,0.7533389830352049,0
0.03941068442517126,-0.4801752104413183,1
1.1665277077282241,0.06899902637394573,1
0.918328111794349,-0.6104907380545873,1
0.7318811909652669,0.5263830909778873,0
-0.690353496412363,0.9000723300578344,0
0.2931998907657977,-0.020035154645759612,1
2.04732158037846,0.0927644555467588,1
1.1113316424453417,-0.5819291458584441,1
-0.8076482793943502,0.656738018391637,0
0.7900160806193997,0.893061701539455,0
0.1818356281082284,-0.501977717474502,1
-0.18834023153989515,-0.1539990999277306,1
0.05910965378974074,1.2399736977506208,0
0.9630256175823653,0.3056862035456169,0
0.49368720384214126,1.2623045846001149,0
1.9455551333820735,0.30716212128113446,1
0.07762626825775897,-0.015909921094273027,1
1.3494842468384638,-0.9085027365444176,1
1.6892464998764194,-0.23004682700732626,1
1.6608511005138942,-0.39074207839187164,1
-3.206105581866209e-05,0.8201339454788038,0
1.8352555444855645,-0.27300245375553633,1
1.3429323102370379,-0.39268550617166625,1
1.468405804352474,-0.4498302106691653,1
1.6763221263485437,-0.4132719385892748,1
-1.1774951700023761,0.09500193854684996,0
0.30662165271744185,0.8121895522539554,0
-0.6448974121678683,0.5153126495310753,0
1.2715933824679089,0.8379161006340919,0
1.5921816656057932,-0.5721218855431948,1
0.8832063124002942,0.13849321802823342,0
1.3802458318253457,0.35556024852462265,1
-0.9314213949682623,0.4051254223430765,0
1.184381498330435,-0.36315955071874007,1
0.8133692014799514,0.44828758148595904,0
1.7800857685485645,-0.3948536883585698,1
0.08348977591149369,-0.040310838747018796,1
0.1304000759989692,-0.17760050289933366,1
-0.3023436870305874,0.35445348969824997,1
1.5190384872384952,-0.42244075722772095,1
0.8996372572024139,-0.26695057204858197,1
0.4802565294868272,0.2696234250352289,1
0.049169996737314446,0.8289225845347007,0
-0.932302391900321,0.7639896036886141,0
1.756245933489084,0.03168382802718839,1
1.1484556864020665,-0.28558417663434565,1
-0.004473714162038955,1.0386417506013064,0
0.307081979476495,1.0496539519424093,0
1.7004449209299013,0.39146530326370743,1
0.941765011297834,-0.35908473042423766,1
-0.8497401712072759,0.2606616188064063,0
-0.0365591789065452,0.8289421855492466,0
-0.1418918961010831,1.1782039460985605,0
1.7481060226195897,-0.5955191254639618,1
-0.10195584540693609,1.2744116982112395,0
-1.1207227947403324,0.8576983950658187,0
1.3531412943074943,0.15787430472847552,1
-0.8970115001503344,0.3565322130165445,0
-0.7657924140156294,0.43218223326671457,0
0.282022709021903,0.6666518343219151,1
0.4576622210894804,1.1804689691020664,0
0.6046064456905975,-0.4903651969698396,1
0.6236925271993838,-0.45392008101599146,1
1.0816765476014198,-0.30003847447961185,1
-0.8443616808019228,0.11449032687259547,0
-0.03208539168762936,-0.16768380934924393,1
0.2725802385851842,0.20329809557800688,1
2.4318184329132944,0.34089283368279905,1
0.8807089571875417,0.27373965943039436,0
1.8859082554178779,0.2063485552775622,1
1.0714091270572619,0.8116548149222688,0
0.28223638401430856,0.9498034107093851,0
2.270317587288892,0.07769409969325447,1
0.2859624555505029,-0.2653637783469933,1
2.1381774327682437,0.35978327064390947,1
-0.1525569111875711,-0.2246806447520081,1
-0.5299188339591105,0.639669675217624,0
0.34162533725468724,-0.6945668021783696,1
0.7935442617584506,1.0203519175082012,0
0.6700027565758335,0.32143438913256506,0
-0.9641200537810162,0.8850983184598037,0
-0.6309609399158329,0.4055045777338169,0
0.8212377757165737,0.322564539765163,0
-0.44399222437969077,1.2007183308541514,0
1.2261433254828664,-0.2973167755275762,1
1.0684816698364346,-0.8019857020224821,1
0.5724305051169567,-1.198545211832518,1
0.6107216138913837,-0.35234124910507525,1
0.5939461887323246,1.2873699169425128,0
0.14299334113070203,0.06520926700472912,1
-0.11398289630414493,0.913476696601909,0
1.4775405867960174,-0.49896027723661757,1
0.9118066238157789,0.1250805736382949,0
-0.45293318440285624,0.5650950831205714,0
0.6198865092963166,0.8325807787180778,0
0.9667135129605549,-0.5061063799165958,1
0.07246146731275951,-0.2846957624512173,1
0.2937287583639104,0.7633758795684679,1
-1.179046013497451,0.2519772968301757,0
0.23529586119166143,-0.1636267320005085,1
-0.6582450234669228,0.2958654926070177,0
0.43910161959440985,0.7438494743937061,0
-1.0512506283403398,0.3945326147680666,0
0.4110355597643326,-0.06454489694330026,1
1.1553246685114757,0.10549397143430272,1
1.1766345683752415,-0.26976637444691876,1
0.5674875792949595,-0.7617219966394999,1
0.042115316679830705,0.3154810521497679,1
1.0059846120206515,0.19352460430448884,0
-0.8861923253461447,0.20875997644587468,0
0.856808064550008,-0.14918420785730946,0
1.9765449612052464,-0.23457968952161345,1
1.3394401220473986,0.8403697560330649,0
1.2487523435998649,-0.6026301511722665,1
0.7953156905663916,-0.5520388756241225,1
0.12876880723864548,-0.1447401371992357,1
1.128809532740772,-0.525416366194261,1
0.2645664490638484,0.09088401739708835,1
1.3487958283954846,-0.6092099341138969,1
1.4635429127512047,0.41125771971171804,1
1.9974026115108796,0.5052836284723585,1
0.9300066350791981,0.884458100778243,0
1.5795664409799268,0.0469423529202416,1
1.8834918776720406,-0.2779642089747371,1
1.1100969238656682,0.06689544731373709,1
0.26146967021186795,-0.4153180836439821,1
-0.15229239930079333,-0.15234096181858475,1
-0.08138402596902614,1.3007532610109191,0
0.6674203739649365,-0.7352160217167993,1
1.2716441052956995,-0.6721509986697431,1
-0.012566075352512918,0.8647811908680393,0
0.47360798586139385,-0.5692399730239535,1
-1.046726445090932,0.7700415368880973,0
0.6422085179192587,-0.6295755886493339,1
0.8934658613995475,-0.04636625451289955,1
-1.0903374442420206,0.675034991327974,0
1.2418601156871718,0.05051441642476018,1
-0.244081585082488,0.5206780807338732,0
0.5004919987686135,0.7711725037764354,0
2.0611254881391674,0.1413164029580871,1
2.230676020223004,0.1430478632607318,1
0.08675303018190288,0.30569536663832886,1
0.19028730141312006,-0.3485053641099754,1
-0.38312581039473537,1.281735586074578,0
1.7301219007657904,0.26556069993206666,1
1.2583064113015388,-0.3431960755453948,1
0.14432460561242072,0.647048747181078,0
0.2681386961539759,-0.08108422190794615,1
-0.026912227462415908,0.8879353731943755,0
-0.3131105269071184,1.2706165269828398,0
1.1586485384357808,0.08282480961398511,0
1.7979669900477453,0.1353767910253738,1
1.1245861482854917,-0.5465286509507556,1
0.32006477616968476,0.8510625358866974,0
0.4606498689173427,-0.19953195560233647,1
0.7012884919035596,0.5935861080239901,0
-1.2770912028618215,0.6333794287800613,0
-0.5749303934623395,0.3692555681900555,0
1.0206506023623756,0.5028578351350994,0
0.879823493340495,-0.4256703894748004,1
-1.1750122931317377,0.4552437331855371,0
2.08472950522732,-0.09149144211197163,1
0.2907681781736217,0.5951019861923753,0
-0.5914951686387648,0.16450286561121813,0
0.27365720393159915,1.0213210819656724,0
-0.5330667343889413,0.9839132087658683,0
0.21836111082765924,-0.5115073771828889,1
0.22077269059253524,-0.5374332446784496,1
0.09373840237220551,-0.3197969607536828,1
0.3164089380656591,0.9056254713879562,0
0.26832392360975144,0.9277920006989434,0
1.8660404307796066,0.23007725335545226,1
-0.8616088658984956,0.3007967064994578,0
1.114371621410577,1.018444900808785,0
0.3402575983349688,1.5388383588386438,0
0.14505153770459336,1.4635456068091173,0
-0.760266951993931,0.6761846016166101,0
-1.0257136881859417,0.037490343024243485,0
0.23313383226537593,-0.2602644238929629,1
0.2891898447074887,0.8584482656736735,0
0.9202760887453361,1.0360709089033795,0
0.2938150674708909,-0.08843836720432938,1
1.1754345229542285,0.06385719481371399,1
-1.0429096161052218,0.598339536359522,0
0.23324522232208666,0.6446201373105784,0
1.998217657254712,0.4333953214713432,1
0.5260043655021276,0.7505661766288502,0
0.8110049393442957,-0.8652704868443765,1
0.5107036578419576,0.08224395544280949,1
-1.195123624751988,0.3759286761638151,0
1.016545696376756,-0.581885539878353,1
2.358033739470874,0.42792451071059223,1
-0.09667160570962552,1.1717659648508956,0
-0.6875938255774806,0.6766588230836292,0
0.4474135605115952,0.5083628488254881,0
0.25349760104734853,-0.05549320984389177,1
-0.07917782836552473,-0.27132685304679977,1
0.7917740356437025,-0.5894388350715307,1
1.2824442082800522,-0.3673710250753834,1
0.0831359357050957,-0.8399158807240996,1
1.5732312558374772,-0.08472109696416874,0
0.18650587736224156,0.21575857498389045,0
-0.371994685135282,-0.05857644006974298,0
0.6680735069862276,0.9559545007583604,0
0.19415078043272335,1.1428226660764322,0
-1.4377547578196168,0.1797159527444015,0
0.22002699970329206,0.6035673936781415,0
-1.058512294033393,0.6206757421009816,0
-0.7730141032948105,0.9245040408821358,0
0.7136205613790667,-0.19402351129152393,1
-0.6936239130191426,0.587855938858383,0
2.0353149523245055,-0.4240269062913856,1
0.9431165047682553,0.7072823893969516,0
0.9471677335810662,-0.7561004744558538,1
0.44443260656275907,0.7386622816809312,0
0.41701067264096536,1.1105536306562254,0
-0.7537540680625271,-0.01586176156988156,0
-0.2736284968303633,1.1786395355918855,0
-0.6565299329663407,0.5046735162091547,0
1.0738600452090425,0.5649440074329818,0
-0.9426287268404167,0.6276600319947863,0
-0.6803685601665992,1.212411584981813,0
2.1918538749158687,0.3202838416637225,1
-0.1929553924297438,1.1963739951937344,0
-0.15503946431686155,0.008374968744051471,1
2.1008900221948013,0.07670528248506386,1
0.052513207896850156,0.9132711294087679,1
-0.7988794047337693,0.574470176611083,0
0.17522453605818422,1.0047496355590841,0
1.466728711618682,-0.5504051670265244,1
1.6025134239469896,-0.6344466036138241,1
-0.48330718290591157,0.5828884942312353,0
-0.09042411739648498,0.9535363485108922,0
0.571656052228808,-0.17350032326132367,1
1.3033013818983235,-0.13875476264469333,1
1.6687238793217627,-0.47290899696126243,1
2.0454150653945153,-0.12677567866691672,1
-0.8078939328671035,0.5288550445966784,0
-0.5878463100312135,1.1208063450004313,0
0.7959468595832889,0.4723060488815948,0
1.4271064031150695,-0.27728750132361724,1
0.09722538344456744,-0.3653364979411297,1
-0.15409916016337805,1.296325356397654,0
2.269716519155275,0.2625649338499427,1
-0.5241215850850964,0.9390205050920887,0
0.9270094574819746,0.49641443500836957,0
-1.2117490610570691,0.27539140469024986,0
1.1570930686166632,-0.5412666217630789,1
0.5194289627577369,0.5996239155709802,0
-0.28899544941260374,1.2503552030815146,0
-0.2670443853647171,0.41725528759766717,0
1.4290860485420362,-0.4210874426323441,1
-0.6323143976990585,0.9327473049512337,0
-0.8211125603562432,0.9161077988487899,0
2.2817209110911962,-0.7332328506947214,1
1.8523839172589784,0.13912697746498334,1
0.8644249188361611,-0.24464722924130206,1
-0.16372103125213067,1.1663106275536106,0
0.741625999496216,0.34862234329776315,0
-0.3436384839185701,1.1844523304608574,0
1.6792266132876494,0.04379053224623941,1
1.7661949914530362,-0.5168071763760408,1
1.7179182129535262,0.11183770300765927,1
0.8582130633779597,-0.23385291975548986,1
0.8112047745762057,-0.7975648462234091,1
-0.9333560623077354,0.8238842702007754,0
-0.059372512572884784,0.14987708158283164,1
0.12578343795233915,0.5356232342299974,1
-0.5836700339934335,0.4114469824854768,0
-0.04594891911192936,-0.46590026088266,1
0.16163629833439028,0.9624545557617126,0
-0.7429636261395078,1.2497184173268692,0
1.8440883051414718,0.11990335516214251,1
0.9869539504336647,0.2741231915989268,0
0.1365980887623819,-0.4437344552524237,1
2.6896450005371704,-0.29345625602637937,1
-1.2018009472678661,1.1477028520253558,0
0.39206102352507977,-0.06176779843443151,1
2.232340502893007,-0.16055746891822234,1
0.833301400129844,-0.25135591620152564,1
0.8377395863331636,-0.5160893571583012,1
0.6672350940406798,1.0333058456764748,0
1.9836049409683147,0.16482101564965876,1
0.22184506260278813,-0.16110457358486582,1
-0.0846448426719777,0.7239063933924379,0
-0.5011402024077178,0.8886492623041888,0
1.9539054411471561,0.41301947244686293,1
1.081160396393519,-0.1342955464390772,1
-0.9405933738645784,0.8419899435959842,0
-0.2902045083610202,1.3707704358336372,0
-0.033029273887015036,0.9108798915529284,0
0.0197399773242454,1.0322105470551872,0
0.11699802141942282,0.5963269308379616,1
1.826966571673477,-0.005206724569624566,1
-1.0429602914283844,-0.05941627354079321,0
1.6554810625914507,0.2985766583142896,1
-0.6020181649767624,0.23043068509819392,0
0.46799295248810824,1.4511489379968245,0
0.055791443622217274,1.0560908018752078,0
1.5592418145789284,-0.078348078330537,1
0.04646258208041798,-0.26733416209121125,1
1.2440621144542798,0.35923927825172786,0
0.860247085059335,0.5725454347230422,0
0.0638566880372668,0.6974888711866983,0
-0.07573008469619685,0.04017743546972111,1
2.01466833955889,0.3935576896632285,1
0.06158590407259223,0.6089100830891832,1
0.7354905465423687,0.20132381565067953,0
-0.8437258784903571,0.8897899019200612,0
-0.6766799010469728,0.6344409544444252,0
0.4035271875456273,0.06540392552317456,1
0.5194472788729101,0.5915403673403181,1
-1.3267696035085932,1.168305549719182,0
0.6430575950456818,0.2920215836759177,0
1.8298465409261322,-0.6497608403738473,1
0.41314710270920824,-0.021462924681059314,1
0.7292124389592725,1.0103476776167293,0
0.20900874164820224,-0.6638019577196184,1
0.032502647053384626,1.222112353572594,0
0.4273818472254227,1.0307911855656857,0
0.06964240942085642,1.5597182210862401,0
0.5959291998625512,-0.39517905797124336,1
0.5793179948672196,-0.38827563165567064,1
-0.6781999297302509,0.3727328160661365,0
2.2111117819941097,0.45406012123332234,1
0.29122650558334207,-0.07226361028974432,1
1.7204783786269213,-0.3642911553501467,1
-0.9269751760240776,0.7583982064246848,0
-0.4936721313160758,0.7195156603163245,0
0.4305751301586649,-0.33078598831497635,1
1.1374445974928862,-0.07742521257595494,0
1.8465742815257533,0.16277641424169453,1
-0.28275596097570865,0.7246807327638749,0
0.7828045762114971,0.8723575531890744,0
0.3934765280123358,0.013427459636666337,0
0.3882027133253356,-0.026875647825035764,1
-0.5900036364688495,0.5410139519565657,0
1.9237523315231007,0.48553370696570486,1
0.4454718857109452,0.49750779892279795,0
-0.8539653583506384,1.117452019280504,0
0.62570171300275,1.006900515530168,0
1.129021447980863,0.6832821208816768,0
-0.6476425988822611,0.5371395097476084,0
0.09729661903780057,0.26098002544313825,1
-0.0058743685678515345,0.5993060966007948,1
0.6537498934623458,-0.45096903285303636,1
1.8745331064640103,-0.11060827313556645,1
-0.6332340043632051,0.7952025456131947,0
1.7630524754485124,0.42067166879282136,1
-0.2579166671428741,0.5384245992221505,1
1.9376847372971773,0.07164447329105825,1
0.15846630465291997,0.931102635496031,0
0.4795509516552616,0.7308640790599008,0
0.07361553804012133,0.822460504026265,0
-0.19335331682931833,0.8908932277284572,0
1.8856312354767837,0.3280133188812947,1
0.07413254864785956,0.5950783628948617,1
0.9835262037066056,-0.6724096344537994,1
-0.48777020377609437,0.8614781802089584,0
-1.152641231361651,0.5512929352427511,0
-0.4849920547147921,0.3994495497532392,0
0.3317285914817676,-0.37109521677269575,1
2.4399252872490944,0.8839744989347452,1
1.5260750849019074,0.07213814923682127,1
1.2538694442039195,-0.2941774676804765,1
0.8954368394236829,0.8595792854321223,0
-1.377338085428889,0.3435175026207601,0
-0.08646455716500137,0.15160266292536875,1
0.5013745896761475,-0.17791582410624138,1
0.8314001577964093,-0.31959149399689213,1
0.7852125744310067,0.26263105811195886,0
0.13475312857195187,1.4401887285670611,0
-0.22476459193881115,0.7623841747043711,0
0.6717696689978224,0.1525985725026336,1
0.4655690747608525,0.9313492930683035,0
1.3362874476465854,-0.1275829554929203,1
-0.2758438856380404,0.13548876555086306,1
-0.6214180554512531,0.8736413735580012,0
0.28577845098831456,0.5288906874351307,1
-0.9705036805493998,0.4648968486606675,0
1.0123773042831554,0.785271664947777,0
1.8499383664062166,-0.18423456416419715,1
1.4868360015843578,-0.37763234166223275,1
-0.16267306169809304,-0.14204773570606422,1
-0.9563134792001032,0.22872222857841484,0
2.0698805750939475,-0.2814871859638982,1
-0.7640939364329578,0.4416989653068268,0
0.6524900073452954,-0.32430709873539904,1
1.5864242509346498,0.140667742253421,1
1.4363412272932954,-0.8799139933774724,1
0.39858359853151215,1.191547391043066,0
-0.9181894461410217,0.2849981547151669,0
-0.541510736083825,1.1481882173547915,0
-1.0518678415965743,0.585318856761903,0
0.9926061317862446,0.5779719243327265,0
1.136357176420072,-0.0029923174218403348,0
-0.11421774727674078,0.9950265323633231,0
1.3831258801747235,-0.5042914633247131,1
0.16870703125886383,-0.35247435207187827,1
2.1295309101940534,0.5977014640133631,1
0.9605075553761072,0.535689779034892,0
1.8626414615162807,-0.2126458646229609,1
0.9705357069711008,0.21346288019465912,0
2.0917626201565556,0.49006590393935723,1
0.32647021595957826,-0.5999146149463874,1
0.38222334884679726,0.29858021931762935,1
-0.8170593102020469,0.71260457639901,0
0.17025877282045862,0.3113048725032366,1
0.2740237702669477,-0.34256763447564953,1
-0.9881631991010733,0.6177567339004573,0
0.4318931169903306,0.11311078490758228,1
0.2656417174901978,0.6744789957227584,0
1.2154725720986759,0.050224113495844616,0
0.15898280247188407,1.1407473593064634,0
-1.4622251822094992,1.1761544003121225,0
0.7978630901977051,0.2563456893785992,0
0.4766065583561182,0.3244656477311404,0
0.4179249610356204,0.5152437816584562,0
1.2550586406137452,0.16022629649726328,0
0.15123662569765783,0.4234994044114758,1
0.7371189831001607,0.5629717950698859,0
0.7848458906148829,0.11695261175421723,0
0.2449504915829275,0.44685057323622196,1
-0.3606870947662353,-0.1167220213933449,1
0.9093010413870997,0.3407613998793211,0
2.097792666672699,-0.01671321035717612,1
-1.0716010064403685,0.39712004842446536,0
1.1477389544519796,0.3223730078945043,0
1.576923855256884,-0.09016896034193417,1
-0.7474425590253352,0.6140363963591128,0
0.30652668780946113,-0.38123534574426593,1
0.9497090745316178,-0.5764468927698059,1
1.235328106492012,-0.5425728675186094,1
-0.0035526372951384284,0.5421080749857878,1
-0.7801488378916267,1.0903795716753724,0
1.068200573578458,-0.17102969815481117,1
-0.9694052464135293,0.5626140999013713,0
-0.2784203041909393,0.8839384131268306,0
1.5576260974680056,-0.9995210091167285,1
2.2025107319038537,-0.08786503648639679,1
1.9291580540362048,0.12918801660130347,1
0.24163179443880006,-0.17912738889549953,1
1.217245075754724,0.20838334980329143,0
0.4328244616175807,-0.26327911209807,1
0.6555136612355781,0.8297128489192993,0
-0.7922338510225111,0.6903561718939146,0
-1.1965033330847838,-0.04737436309123594,0
0.5971540793483731,0.5208256821804076,0
0.5624128663307943,0.7346873186540012,0
-1.2673765640923311,0.26006890656610415,0
-0.25752940035272803,0.548021420725362,0
-0.5363425617431529,0.3845776148238054,0
0.2274431705810705,-0.10596397285546183,1
-0.5576273572248979,0.3553067385874858,1
0.7586535679569234,0.8142345219380045,0
2.0415176975277043,0.1806718852604906,1
1.0737033570515138,0.685220742131514,0
0.6830826648890925,0.13000277929922407,0
0.45456916029352334,-0.32390511242837555,1
0.604493876338163,0.7380305270617198,0
0.20324760731245456,-0.06786981702729,1
1.160651898036507,0.5016659220217806,0
-0.24719107590947315,0.2191581390456241,0
0.9815346960131485,-0.9909035177289429,1
0.5271297226918003,-0.45469989500592184,1
1.8912180289545535,0.4411451261757964,1
0.3383945829178427,0.1901252078139412,1
0.73307884893528,1.4252290321655467,0
0.9159956928086627,1.004144376043709,0
0.5193721582625415,-0.15728970945642867,1
0.8990390180683856,-0.1577976862813259,0
1.4639610265141656,-0.5091438337846698,1
1.0495901852091551,0.6790796592466055,0
-1.0152536260668343,1.0196243847564606,0
1.7124242620884422,0.13482055982171304,1
-0.47949373401652434,0.7860786065698185,0
0.7766882329516629,0.6635998968954853,0
0.3403456030871941,0.7384327697659175,0
-0.027365291944936698,0.8515270272174298,0
-0.12634559367838916,0.921027976168754,0
-0.7476545092241305,-0.03377455082550811,0
-0.18882281383537633,1.1349250515438818,0
0.7499640773821759,0.33738130752687834,0
0.31010543754083275,0.17204190561755306,1
-0.9575476355884884,0.040181755918069946,0
0.23958739582101482,0.3608432416171619,1
0.3730802854208862,-0.3111470896881095,1
1.028212573861975,0.7488086450872427,0
-0.2538056915110094,0.9022057315937173,0
1.0492588235601292,0.3151063707072226,0
1.4513113589607811,-0.05872584348730961,1
0.6612122079888374,-0.4063776392928996,1
1.6332020256465363,-0.04482481539698625,1
0.3970761476316958,1.5675948383878975,0
1.7309712770160977,0.0029481935764741896,1
1.8694302061815118,-0.2935480021608256,1
-0.9263265106360274,-0.19962051716800328,0
-0.08575139562865204,0.817625347767974,0
0.45203170076856286,1.3013136544910715,0
1.5128330756489874,-0.593944583287718,1
0.7794056513725904,1.138875819075812,0
0.5393118355854327,0.4562785599293284,0
1.369150784275272,0.3316524499000866,0
1.549395239929642,0.19604816506575795,1
-0.410787462496337,0.06901116288322795,0
0.14129033582382955,1.2222105420040776,0
0.9037749630576811,-0.6165047990996393,1
0.9656165915198541,-0.5225643043925118,1
1.1313150112923736,0.31016432602645416,0
1.1038734517152649,0.1605029502318829,0
0.4377456406426322,0.27868271296534763,1
1.152010321590858,-0.1414444009474584,0
1.3223264957674583,-0.49815361668565195,1
-0.1214147501012387,0.8721485825776658,0
-0.226191082777414,1.0308790678266695,0
-0.7011060177911911,0.5576438465825115,1
-0.4991006138094436,0.2729181455535291,0
-0.08109265120297943,0.12249128382991956,1
1.7453736248883023,-0.24887618383303894,1
0.17294459287840552,-0.14900101723203887,1
0.5717804140392554,-0.25591782038101263,1
0.5965167747313682,0.22441370798706547,0
1.337474306626663,0.7536326915893468,0
-0.30810862282434154,-0.12793727776095487,1
0.8737784756134508,0.5603457455273843,0
-0.7960405782327518,0.9270222224736013,0
0.1196209723492743,0.18371914614345924,1
-1.3727160655227753,0.3245631351404761,0
0.34580945787508827,0.03612578997165827,1
1.6114201207114816,-0.5333302138109524,1
-0.04175668967030138,0.869706591555533,0
0.253348934177703,0.3569414515386261,1
-0.6409102284049288,0.5353310336406484,0
1.7920557113520685,-0.5129579213533969,1
0.29971004422502334,-0.22514553632682766,1
1.2840498549618424,-1.1344669245513872,1
-0.00702279530402021,1.3280732277086165,0
1.7798425226989016,-0.5610415731161857,1
0.07995446921391478,-0.8019381596248424,1
2.2430073981356147,0.18968406013748268,1
0.8991798728523778,0.38407827129854505,0
-0.4605559478336114,0.5753638459350073,0
2.185241636014363,0.4531089561859691,1
-0.6275938235922733,0.1932940140892595,0
0.7928880992078755,-0.7346760116779261,1
0.4889699437433459,-0.40498412329160416,1
0.8431892902977971,0.3994841080175217,0
0.5225495042088872,1.0756870490395702,0
-0.33965101332194986,0.7450846328220931,1
1.6776190321732671,-0.12192269788869942,1
0.7012372372407685,0.7688509637476236,0
0.6706041268605867,0.2656551155478859,0
0.8917672519607628,0.6258372312270367,0
1.7841370317626433,-0.42959368166353185,1
-0.046910532805220256,0.990636743163478,0
1.3288036849313374,-0.866284732597967,1
1.278682060737099,0.31526097144644566,0
1.1176380308042393,-1.0872571538008708,1
0.897502534884114,0.7500861379729424,0
1.9981243230850105,0.5515340406488036,1
0.41412202147290855,-0.16818608723033843,1
0.4839562103449111,0.1754871438448968,0
0.08563961943056503,0.8064694199203857,0
0.4291138449986568,0.432677962450806,1
-1.048960077756373,0.08674124592088399,0
0.2559300558868916,0.7495602740843523,0
-0.9972996915104091,0.3838449939584837,0
0.2389277614566095,0.8006696157103044,0
0.9079888799361692,-0.478097152770197,1
1.6859331109316549,-0.576064882085061,1
-0.5975924539777563,0.9188208536120368,0
2.0024637898865723,-0.40601206125629274,1
-0.08560203503169683,-0.13013545851325725,1
0.20809280476348518,1.2825002778741967,0
-1.0046098574157114,0.5916977080547527,0
1.8545327103164555,0.20612626442584328,1
0.8256184721900761,0.6673833365350492,0
-0.4331014428267411,0.7562626091605762,0
1.1622022221117339,-0.31484096459704947,1
-0.7421968382608106,0.12198832608557209,0
1.6592629619265966,0.46348062557201386,1
-1.0627903708133124,0.1664439414735359,0
-0.47767329897875777,0.8606167483278748,0
0.9656985168436731,0.9444070030142266,0
1.9191840610886552,0.685890999772371,1
-1.0430345027616175,0.30057000135916484,0
0.2041766906310335,-0.38358410295240897,1
0.9496383019088421,0.33019840028520353,1
0.15870051479971625,0.14336844052090003,1
0.10509056347187208,-0.08428181407594604,1
2.4389649492849164,0.2022597179368128,1
0.6650292390712177,0.007556798603573486,0
0.27424196968317616,0.16323465974102247,1
-0.851263826572186,0.3457313616266907,0
1.34498598073977,-1.217352885162784,1
-0.11436552339443129,0.9739042023833159,0
0.18569772053566264,0.7344682042116015,1
-1.2195513234610433,0.42295727306926406,0
0.07654762791456704,0.94936696428248,0
0.8579596672640697,-0.5086201305316203,1
1.3759378643096103,-0.5962971433802708,1
0.8711635699990267,-0.2365102534467412,1
0.27864931609669086,0.945201745100424,0
0.7951153121527785,-0.022740832266197775,1
0.3121237486835304,1.687471822754067,0
1.2445338821191256,-0.7783491656295639,1
0.42467286632727597,-0.39935978422980684,1
1.222320105440183,0.2857224123473097,0
-0.8774467652698463,0.4048348689577526,0
0.9344989572128032,-0.6707667363728325,1
0.21145793865006463,0.11645953678896753,1
1.1177903618873446,-0.3968336107870826,1
2.346911754355973,0.2506627537593339,1
-0.4584591129239801,0.5374454836109303,0
-0.8115498138710965,1.1685354766935527,0
1.0015585108859262,-0.36067948888618984,1
0.8418464969891579,0.8835461770164452,0
0.7370091932542553,-0.2679907165445339,1
0.6713515442039117,1.2193435885422,0
1.3435457130545223,-0.2371669656359044,1
1.5235293165809047,-0.2266217445084313,1
0.609608630343431,0.9124186172311652,0
1.3532689395791373,0.930273718492389,0
1.1433967760194494,0.763452005961452,0
0.07580552038144218,-0.14803512201828545,1
0.16243575689695872,0.224003559660869,1
0.5816043671305747,-0.5874781758134082,1
-0.7934518024013648,0.45345492147281863,0
1.2150525469149054,-0.49879216999551734,1
-0.5204104174767102,0.9011686522932603,0
0.04873535863244274,0.0018080365039486318,1
0.8010448813125115,0.1575573674765124,0
0.7904461597098384,-0.8885285508383669,1
0.2915344367370645,0.28754436312150944,1
-0.22892256244297934,1.3452747812488937,0
0.04425783718724461,0.641822685148827,0
-0.6374550627670554,1.2577155282499977,0
1.0674017500395645,-0.4032454681167399,1
-0.3308853771628345,1.0035603606550938,0
2.6113007713342418,0.15980234349365807,1
-0.1540258461964371,0.7034164654291035,0
-0.12219630413907541,1.2736812456174704,0
0.7420663550508722,0.27834012648598466,0
0.06956273020316374,0.7209019487296385,0
-0.26091798590136006,-0.44982459704976296,1
-0.11342156627446584,0.13635548755828109,1
2.275087595056539,0.3546881781020068,1
-0.6188972990115449,1.0146280839978148,0
2.019843961792662,0.17374498374189096,1
0.8929547911455518,0.4763808224749479,0
-0.5441831955792865,0.07591400238460133,0
1.6310087695018118,0.40404294425413356,1
0.6293178637919901,-1.1876043608205644,1
1.8269148463904998,0.2660983261881319,1
0.7524871223204285,0.8393029398487781,0
-0.07685397087494128,0.861541461213237,0
0.7358274137073455,0.5389655287641273,0
1.271052916096489,-0.4604667961317156,1
-0.5831682638239859,0.6075978378604334,0
0.28660285961781784,0.21592424766068352,1
-1.3226235713865289,0.053134052425194006,0
0.9528610496262588,0.23501423607664818,0
2.138297021635711,0.27919846830564166,1
0.7676665631207598,0.5881518942548029,0
-0.36398036616359314,-0.5131923651661717,1
0.7613308228993253,-0.355740813763264,1
0.12104407186010692,0.38319357881904265,1
-0.11127934962862536,1.2285625896225625,0
0.6063037933450196,1.1290354389842008,0
1.0012771938141511,0.21029368357493267,0
0.07315827868859406,0.0704796939116352,1
0.7578427568560082,0.5666231435896499,0
0.34850050517460124,0.9249689117241459,0
1.6101600977044166,0.3696958444781717,1
0.4105844975142522,1.3903024946089952,0
2.0996877191798067,0.3540887947357101,1
0.6985259237126082,-0.12583243123159366,1
-0.4368304534910562,0.9150669143628207,0
1.8083921022563854,-0.06916540745847616,1
0.23063306301727668,-0.09255852191344427,1
0.4503847476023428,1.3509119654726707,0
-0.5726930850657624,0.6590035473904302,0
1.400775376008266,-0.2391640129798926,1
0.33497550102118356,1.0671393013640946,0
-0.07039120446160092,0.5196452425651205,0
0.6736406185726194,0.9767179590960204,0
0.969104675965802,-0.20090075865827944,0
-0.5871707571048188,0.6362310928281223,0
0.7732687706082846,0.729089623216078,0
1.886683679140777,-0.4649428598398978,1
1.7249269596834342,0.22556802538554144,1
-0.022321743550530182,-0.4804927234735584,1
1.8846285750776282,0.021135578730797466,1
0.6368980806060436,0.5813535186919697,0
0.8978509232957426,0.8569796598070232,0
-1.1856752789629663,0.48680300987474945,0
1.1260866861757406,0.6346325110428452,0
-0.8361643675494468,0.5427417706767677,0
1.3225522786154247,-0.17292986854598597,1
1.9048289973124284,0.14389488997012098,1
-0.02697872269877702,0.11738302819259439,1
-0.7558450559549442,0.7568453502033508,0
0.4985929097154625,-0.7621008505660731,1
0.9969792344518887,0.041659589669125086,0
1.5137923838704879,-0.44839274068012586,1
-0.25143459581820393,0.5301160827515659,0
0.4606628432208356,0.6467380727958437,1
-1.1268311164147193,0.4590802789228511,0
-0.0025688103167400694,0.18416182507739637,1
0.37731543592944666,1.2538683499341532,0
-0.7661093879207799,0.07918949091771343,0
1.0557684938761172,0.800401293488742,0
1.052299543370617,0.6379715269321486,0
0.9490784587785875,0.505443005361945,0
1.72870421722526,-0.16669472101329907,1
0.42947638908427027,0.7020415215044152,0
1.3626131732263922,-0.3515695798764003,1
0.2756753618108254,0.0958558500833197,1
0.9255279953420991,0.6513202806308609,0
1.330695592605853,0.6393784732772136,0
-1.48251286776448,0.46988123631526724,0
0.725895024158147,0.6378459249947714,0
1.296884317611393,-0.060535593270463234,0
-1.1884802055109032,0.8971877431795375,0
0.5134099455237027,-0.7710075182564631,1
2.423291076375411,0.044159374222562664,1
2.1380794943886783,0.6005727391807104,1
-0.5847496149239271,0.930834770376522,0
-0.7120294701918923,0.7720929337957563,0
0.2639272933691311,-0.47036468322668556,1
0.16332127559346152,-0.46740829968275877,1
1.0304605988502236,0.24417057193427427,0
0.7198154182620506,-0.13522650815259168,1
1.6223828033266035,-0.30837693624412693,1
1.431434305324981,0.31124230479935727,0
0.11050386415222208,0.11890718564964312,1
1.766583345832808,0.3917619208447795,1
0.31839056901223556,1.186934061791102,0
-0.48758583908686254,0.7520285369270904,0
0.2620134042345398,-0.18902184364201458,1
2.100270766673563,-0.2418114597194503,1
0.040631982581749826,0.7719642566929013,0
-0.8172748917874506,-0.050561161780121766,0
-0.8286987795908695,0.3231659790112375,0
1.6106864952011504,-0.4157820377539986,1
0.05566680244345923,0.8968428873593497,0
0.5032752440998669,1.0158685840296844,0
0.6375017866114573,0.4250824108870812,0
0.2521871104403739,-0.2957824319515977,1
0.27360833065116436,0.9781037560382928,0
-0.005470460386613862,1.0024587400531277,0
-0.4444952669797963,0.7319723758981751,0
-0.9451370291807224,0.9381954952544234,0
0.6779857710707939,0.5558237470400262,0
0.5787801125024272,-0.08874401319609546,0
1.3936634067929807,-0.4630729274199628,1
1.4237839335936107,-0.5194888009708443,1
0.5649235228093297,1.2596452886036005,0
1.65133777162812,-0.3244299013615318,1
0.48850518492886774,0.3999525737800374,1
-1.3470993953223693,0.6251596904763823,0
0.9044771016084413,0.41535497272998356,0
2.0238998187289554,-0.46381047353311383,1
-0.09837270131804354,1.0537492591142903,0
1.690605769889233,-0.5152334386254872,1
-0.04816552183601369,-0.09898786719418548,1
1.193677740247814,-0.6134371130400207,1
2.0070696323885158,0.12669054894848106,1
0.3749513604482334,1.0945208312561083,0
0.8689765047616156,0.04277799165111586,0
-0.7347547077444518,0.11013510171388416,0
1.5933765606474977,-0.39673914269784316,1
1.0639017543253482,-0.5152440166718577,1
0.09164284323943422,-0.1011975315802428,1
-1.1378213619885755,-0.17179767743369664,0
0.646978096237386,1.0878217945952633,0
0.14214890958412138,-0.007127023322786086,1
-0.1534532545961307,1.0529570436667572,0
-0.6344483467245662,0.1286456144567499,0
-0.2599541973987643,0.19232680628301563,1
1.7797470491366754,-0.31500528432308594,1
-0.9592380568240038,0.10721528951241949,0
0.09800172705277346,1.0604415886332665,0
-0.05496478305137445,0.29329642442606135,1
-1.1059421714738,0.5198306624069938,0
0.9676935733528648,0.49247539471284046,0
-0.073552386854022,0.8231419864417094,0
2.243991827732567,0.6621233632771557,1
-0.007626430709250731,-0.5986338705041797,1
-0.8099153875748586,0.5072415162107644,0
2.4371678487098762,0.28567615573976635,1
1.2792652312800912,-0.14759077659015596,0
0.2868403959391035,-0.07845083697265604,1
0.9029932891124604,-0.5583950867948887,1
1.6057809480132827,0.3373893745376835,1
0.047757908443236116,0.5539652459590574,1
-0.2733911947114399,1.2475036129562111,0
0.9080080593228299,0.16545950220964295,0
-0.016809998658725997,1.0903402348116784,0
0.468690621141684,1.3264418649534182,0
-1.0844548170122579,-0.13648353071852212,0
1.2537382346130856,-0.21436409631882256,1
1.925853970832654,-0.008767500515181353,1
-1.237623975659046,0.3043364122683994,0
0.2495249026147381,0.16539332205167281,1
0.7224061321514942,0.6552188646610456,0
0.21452460205839888,-0.023955028544567387,1
0.9711733656245509,-0.4142957518783168,1
0.36298066777357035,1.1411473907743532,0
0.1981508609095726,1.1951765516735886,0
1.8510210269698493,0.05719399298922352,1
1.0225807111155079,-0.32729837122522265,1
-0.7344168158891979,1.0555675512527825,0
0.4233665837303502,-0.33994519799422784,1
0.4620173452933953,0.06675221875905418,1
1.6756532621672007,-0.0923222176102673,1
0.1922387620714518,0.1435696808842573,1
0.5218188472462131,-0.22286277693537698,1
-0.7566350404492087,0.6265044184245506,0
1.3833079695232648,0.10957109949688168,0
0.09657779096115948,0.9520410731699991,0
1.2705358095624568,-0.14815080807528244,1
0.24656434075645473,1.0317211458469648,0
-0.26385141613091484,0.8989708779716257,0
-0.17337240412117702,0.880538715609163,0
0.5975875407997215,0.9220881336298661,0
0.2714680459970506,0.2854409346197492,1
0.8869664823243508,-0.3699407862748044,1
0.3653155474732166,-0.624327959679046,1
1.8709835667317811,0.3425465347370912,1
0.9496468262836569,0.0009336260668806329,0
0.39529862941693983,-0.31266408340214424,1
0.5541592019400677,-0.7526819772725875,1
-1.5394255137237034,0.05467747362270117,0
0.1993334017055724,-0.6042168092865284,1
0.7331000158476784,0.448633409017963,0
1.3767395054943117,-0.7728531757350501,1
2.0755426408005277,0.6798181364098002,1
-0.08583669303714127,0.27070371056124554,1
-0.7584079123702051,1.0456576335047454,0
-1.3733713874677114,0.08812431070459031,0
1.100650671809769,-0.2567020054695761,1
-0.49054059165059755,0.9414687446079149,0
-0.6606231228201396,0.9628927857155903,0
0.15732562557225077,0.4953411536363306,1
-0.8116674590436024,1.1365442251028957,0
-1.0645426990847286,0.3013602405941299,0
1.0069295816170192,-0.4226715562700504,1
1.7251473267375208,0.3395072520588087,1
0.38610012305435837,-0.03407345064427714,1
1.2552568244656603,0.4071530133960026,0
-1.5837262826889849,-0.30394245391865804,0
0.577685610460509,-0.6393834184034343,1
0.029592544826389813,-0.505159161015885,1
0.9246996894335058,0.21489058818653833,0
-0.5772489144025399,0.31271599980051046,0
-0.6521317220207873,0.737733240153882,0
0.29388536968734147,0.8581322342587744,0
0.2871932427932301,0.8456334983160452,0
-0.7642171257884917,0.25646230507743933,0
0.2564359660052492,-0.13200371555234158,1
-0.18096784186979967,-0.03945311603321183,1
0.07648201543652355,0.02596707748778528,1
1.0899158090116794,0.3597183859106217,0
1.3649822901233126,-0.47160597298067286,1
0.2261680152662758,0.005830230244389389,1
0.10636403097354497,-0.00019952181477494568,1
0.019093291106083588,0.22476126062354818,1
2.3910673797365076,0.602756663704682,1
1.0097568929749934,-0.25953736152166496,0
0.22167349078429632,-0.4501580545534495,1
1.499517785025296,-0.5051215589647351,1
0.3580714772714969,0.8385124293987656,0
1.8026877319281334,-0.26733832432947746,1
1.719656120368943,0.019961063453490746,1
0.019864662533399247,0.6460687194235912,0
0.599295082859683,-0.24099071468025368,1
0.7717633942492234,-0.03826136890002185,1
0.19127432801253433,0.6038593293201155,1
1.620371339125268,-0.28033513418639366,1
0.4232976386179421,0.8912308204670178,0
1.6275498569281495,-0.3930987821284851,1
-0.0060402544616069975,0.5327097027466701,0
0.7914251051023884,0.5627865044275907,0
-0.6640481178857751,0.9725302371133314,0
1.2478677510786738,0.06345993962768862,0
1.613661334763437,-0.15754784120309756,1
-1.1795507262276392,0.004638348937287304,0
0.13625453033414495,-0.04138602066457753,1
1.0302619005931772,-0.4086961913778262,1
-0.35410137306369127,0.6386856420723421,0
0.5166874049352568,0.2205194353001816,1
-0.8585473869426336,-0.346401109771385,0
0.20763828461812214,0.8190376476692383,0
0.024665119924861756,0.8696221202794239,0
-0.19456698813243778,0.45781162860377045,0
1.381761362187802,0.3560851892879472,0
-0.4065600258250083,0.2720010465097378,0
0.9751112491877036,0.050596965772521346,0
0.03186868360449033,-0.19333282954085684,1
0.10606805958473206,-0.02835719492894262,1
1.3786831919618427,-0.06532019239430058,1
-0.3524445448083643,0.1808637256727742,0
0.3817683584821395,-0.4311547635516954,1
-0.46457902438374327,0.9360357516239713,0
0.07146042114348666,1.090655694857206,1
0.7063303863390643,-0.537245193649991,1
0.6877726386457234,0.8422113989879099,0
1.3006091489728389,-0.817146499752759,1
-0.30289216861640356,0.5493262503230183,1
-0.7532096939578199,1.0391509506071972,0
0.8910380459885775,0.4283232129765413,0
0.4585144561141324,-0.5825724413362176,1
-0.1580962039032443,0.02199571468461154,1
-0.8480358147014405,0.42106028261917355,0
-0.8559067025937339,0.36234470998451407,0
-0.3459374554896548,0.6614592397948931,0
2.252129804826494,0.4287533969564028,1
1.570953231443248,0.03942959390174703,0
0.7563561096749277,0.8222730911770496,0
0.3595138813992109,0.14435228176087284,1
0.6095428292889025,-0.8485731484262317,1
2.0861741037871355,0.45230429033814123,1
0.7321804890838993,0.6821549587588657,0
0.6627451807726475,-0.27960689272278855,1
0.5658566793022708,-0.07401280708231839,1
1.6039325986588508,0.4763589906896314,1
1.4473769690734872,-0.32656195002335625,1
-0.8812402822635311,0.700376676190606,0
0.6875608773287961,0.42230184531722176,0
0.3250333204052469,0.8993110642304429,0
-0.5086917915838634,0.07597830264197158,0
1.8844074364893648,-0.2790680739738994,1
1.1834022815926337,-0.12325695056877059,1
1.6136424251418273,-0.47255076544260954,1
-0.8507846717406014,0.8711400527188184,0
0.8000850710523237,-0.2419433840961948,1
-0.5239194681755108,1.2094680935533602,0
0.655836699175764,0.27548753270596976,0
1.0083426600786178,-0.47220011458072236,1
0.9813703334381442,0.14902504522624485,0
0.7589767244426433,-0.2315230425222805,1
-0.7241593304117551,0.2531739097682361,0
-0.9583110631215427,-0.12920637825496117,0
1.4808333347098126,-0.14643931009088218,1
0.32523720166231307,-0.04904165810471117,1
1.9361062419390707,0.11329081772819238,1
0.40764296884243284,-0.5167760339327369,1
2.1247949384449316,-0.024742713337776917,1
0.40390487059223906,0.8844159232959611,0
0.3005424152387535,0.48672015447062605,1
0.5666253395771583,0.321854174204505,0
0.8352526422054003,0.2848934926440929,0
-0.18912908590619537,0.5900298181721286,0
1.532876203885755,0.37362297357523644,1
0.30883484751458096,0.5792869288261897,0
1.1561337789780657,0.45512964829157454,0
-1.1876755067590745,-0.011190076903043255,0
0.654130156811233,-0.48596867204074934,1
-0.3759219447346068,1.1115935648456516,0
1.4317881896913338,-0.6811173555205157,1
2.416096741530361,0.659349064436354,1
-1.2422861463051347,0.2910385434862513,0
2.1266278933148546,0.20124937501563459,1
-0.7799347343375416,0.4026293926136415,0
2.371836985672636,0.2140705966742824,1
1.2534591769167789,-0.20631111340565353,1
1.1640645701293482,-0.40269501361332594,1
1.5532069704721998,-0.24042999885036803,1
1.7238855952068337,-0.11179147862826833,1
0.3804437557282042,0.3542109427354955,1
0.9758491589561309,0.18190897666863237,0
0.6173024682597721,-0.39084547360002153,1
1.053548758800311,-0.482757096790673,1
-0.20047902966581876,0.20614820137182735,1
1.5390145526899033,-0.054387067727113325,1
0.5168903354966926,0.36252941259427945,1
-0.34137947714934913,-0.365445332533786,1
0.23483706512511393,0.29683987231764525,0
1.701188768749863,0.09840855818070549,1
-0.6646763622683751,0.7220288350645819,0
1.0894679536125886,-0.9263577623900305,1
1.5243538350668504,-0.30503632973832073,1
0.8575207251794832,0.4379458482687582,0
-0.4000882848670595,0.8587376653432385,0
1.561295624206429,-0.22263902538834418,1
0.995158449767735,-0.625529063588068,1
1.0435213933056948,-0.24446905252618642,0
1.0262268806304264,1.0152374796835775,0
-0.1867155458754965,0.920522503194158,0
2.021501124488321,0.5672179802708228,1
0.5650994576951616,0.9966773555690338,0
2.0635572886087457,0.7532044947523763,1
0.9073487315850893,-0.9939451347890869,1
0.641202301565843,0.03653082458195742,0
0.8099074834167306,-0.5576297379731797,1
1.7357266064734216,0.06258791576760339,1
0.4914422464010544,-0.6164446893307407,1
-0.6113017325842618,1.2421871010148025,0
0.8732615892507343,0.47807742427874234,0
0.1461712810344269,0.2769982468385228,1
1.7955715318621832,-0.34045070047806414,1
-0.24152794475839645,0.26958739319832675,1
2.0448736640939575,-0.16567264088637118,1
-0.5660955580070735,0.10413095518656296,0
0.06829726089742545,0.9262009986282311,0
2.031358940439388,-0.34447100594763047,1
0.3883903216284136,0.5499511301494721,0
0.648424210749432,0.3841398455558956,0
-0.5889538469093545,0.9191090677524776,0
-1.5058415571127013,0.06386883920126696,0
1.9702667391654671,0.4674394293465225,1
1.8727707181876279,0.12511118253051579,1
-0.7736924156290337,0.7364569965664233,0
0.37453343175773757,-0.0723637411120624,1
-0.630522610273365,1.1175800108860512,0
1.8647275473441383,0.24357879476436878,1
1.5520227036048935,-0.8417218317394723,1
0.6035254595013401,0.778203506920351,0
-0.5313130289690006,1.34839931787798,0
0.2583046270151441,-0.11124171130270943,1
1.894178803918029,-0.23223350446190183,1
-0.6657049309584033,1.0562732442800242,0
-0.4914887080323135,0.8513020570515799,0
0.04852950521649846,1.0412654597156352,0
1.322174916320533,-0.9288960804467121,1
0.8891098186974258,-0.9014777344876763,1
-0.6688642387666897,0.7437782595623436,0
0.5946168876261115,0.6892897021662729,0
0.03972807665807217,0.40398820286988313,1
0.6763446275690078,-0.6254986481905813,1
0.964491141385492,0.5532944211947404,0
0.5969905039924462,-0.2806923402834398,1
0.302044324062632,0.9354881757111042,0
0.3483028966644901,1.0648458443196795,0
1.5225025370653755,-0.04579220246944822,1
-0.07222002284366585,0.8623510205678941,0
0.9729208061659529,0.15308053747781541,0
1.2575585174568333,-0.6290204123038874,1
0.5811774632635209,1.111231612796817,0
0.42949774632480764,0.4685865576944752,1
0.39769497853651126,1.0851381577090657,0
1.9763883052277262,0.19401542767483507,1
1.908696554100302,0.5671161706581221,1
1.4607150620966582,-0.30663950486184083,1
-0.08241133356280778,1.0090964174062298,0
1.8694859126705379,-0.3064647503986076,1
0.3282219085856912,-0.1528239422410767,1
0.7049183164939535,0.2223054840674602,0
-1.0367957051415542,0.9570782028938075,0
1.2590390771876936,0.38806148290019316,0
0.7248451204626469,0.4786251923793069,0
-0.6567095522962896,0.37055956945503565,0
2.086741799940957,0.6262788180993288,1
0.0747133201574845,-0.2927488441687447,1
1.2839835514654636,-0.4651422690014195,1
1.911512444921178,-0.49523195569070205,1
2.0021634077497916,0.3398047635643066,1
-0.3198082927242446,1.0913174258454155,0
1.2340447312705842,-0.8042106643384989,1
1.3699045745582308,-0.6026227004919018,1
-1.069824810559018,0.5319727742736184,0
1.7126466073026019,-0.016637842349070578,1
1.266970023488294,-0.04289644029824902,1
1.6255567409499803,0.23297311554963962,1
0.2540780057134312,0.6193076301623477,0
-0.9543583528401202,0.1453804848557933,0
-0.8386213618184725,0.10164861467903683,0
1.6544053641900323,-0.38195312242056345,1
0.2642550768278,-0.545714190639094,1
-0.6628504175957161,0.44638474039983617,0
-0.9606557682694965,0.42172766081301816,0
1.520133557250492,-0.3017911351881555,1
1.5465564039180384,-0.627342351171864,1
1.7649868341799828,0.6858584680484938,1
1.4261654000916049,-0.4939634417473606,1
1.54798411282266,0.24509178311843471,1
-0.24622151606386422,0.30854832079040584,1
-1.3334032877345825,0.6270558644713793,0
0.8396630677010504,-0.26959063000439165,1
-1.0734690384732595,0.9336438144714568,0
-1.1664375805114653,-0.01137629519721628,0
-0.8467247745596178,0.5596200348119973,0
0.8087706936013523,-0.17946884161803583,1
2.06222667350475,-0.6712695817568008,1
1.0707085076390732,-0.43436009134800607,1
-0.6839459118895579,0.9096056599091724,0
0.9577072764387536,-0.27515643367283427,1
-0.48731460330376697,1.1833586202247126,0
0.8901616417063063,-0.08778391271627323,1
-1.1032391121121519,0.20047567558546886,0
1.632348920799945,-0.18354210199059726,1
-0.27777791004217517,0.4141872267596472,0
1.1690176584984548,0.702996182592976,0
0.6200336755099174,-0.3700286790778968,1
-0.9192134272603762,0.8720020844525221,0
1.639212724901516,-0.5640241594489099,1
-1.0974389937490463,-0.010477395379590172,0
0.012033973000397269,-0.29714585735477145,1
0.34459855703607956,-0.11840801863429654,1
0.6489346472418744,-0.5794684294378567,1
0.768186177411851,0.8101481083564305,0
0.22986029440510058,1.1174569829389238,0
-0.03368950644713832,0.13156381077341317,1
0.34050499373052256,-0.05298568076353559,1
-0.13716297725908744,0.9525572133598148,0
-0.0981508883671096,0.3943054914039818,1
2.3513965028285337,-0.25528131938606424,1
1.265804360473203,-0.036888366732696576,1
0.5125026403223072,-0.5318530705867739,1
-0.6422529037090605,0.07883483479712045,0
-0.6340296217490082,0.554928722232292,0
0.47968189402366956,-0.15975358046043886,1
-1.151933184065797,0.3632912015554136,0
-1.099461285815573,0.37551926154246507,0
1.2261330962762687,0.7442970571196932,0
-0.04124068356068168,0.3912187650579566,1
-0.22161118739172375,1.6172334955913128,0
-0.31462353267475496,0.8813934477113756,0
0.8556196094081212,-0.3731515583203068,1
0.8258073654227229,-0.5190076954256663,1
0.17027110327933004,-0.2201832164501175,1
-0.27753425109075786,0.5582312298365849,1
0.4678727182968953,0.47890526468056405,0
0.8425772306441038,0.5003889977678952,0
0.7589816532385479,-0.5949060408634205,1
0.8878230666052672,0.3400191865328761,0
0.7220320124240341,-0.25267568847228017,1
0.5781487732963432,0.8641132814094264,0
0.042929909718309164,0.8358818107990165,0
0.7234181967679782,1.267798790710425,0
0.01711639264454934,0.8769356966073493,0
0.06563394795691682,1.2421986139444536,0
-1.0966991754399915,1.0355734192661996,0
0.7217946959547878,-0.31150405664698766,1
1.202537762643649,-0.5152556768701413,1
-0.9474855478112533,0.581809868962833,0
1.5780603969202318,-0.5636219866899783,1
1.6553677621094567,-0.13174656449963806,1
-0.9612276375150801,1.043925518714373,0
0.8356649303835468,0.21314331770605222,0
1.22568167927401,-0.03553996441734012,0
1.420464048941678,-0.732549080798212,1
0.988634395230289,-0.3824990419325671,1
-0.4952745425950361,0.9137161112578623,0
-0.3405639251981786,1.026822063705518,0
0.6724304150760763,0.39150677084723795,0
-0.16628262950037706,0.4131887260517966,1
0.46508629384021377,0.18400574543651949,0
0.28384726665934834,0.2933542138442343,1
0.22948505182649892,0.05436086412391328,1
0.4510399794889823,-0.09870380386753042,1
-0.05398277409793867,1.0884533142643869,0
-0.9415119558083046,0.2610221653498244,0
0.1174031083789148,1.2193606511095285,0
0.44209084249381103,-0.22802980519046098,1
1.3909232290956408,0.3547482640564473,1
-0.15738779493426125,1.6645945513933156,0
2.206821327317474,0.3470510946950687,1
0.2442804511306181,0.4558745294319553,1
0.5215377128914978,1.0612789477106879,0
0.6735772490604248,-0.6044934922077935,1
0.3989583372565454,0.5481350846537606,0
0.8124077852656735,0.5693352868970054,0
-1.2403761351129725,0.2776178533698912,0
-0.04016120737548423,1.0360613168607382,0
-1.0451288752539543,0.10130457141881283,0
0.8085408110827503,-0.2663868045844412,1
-0.8925531037266046,0.7497499000463111,0
2.351146632106269,0.0639904640743187,1
0.8195646026658375,-0.2650638624809244,1
0.6725357066061162,-0.30658280322017184,1
1.9089237307040963,0.14791250472672782,1
0.7770925814261944,-0.48594129990833546,1
0.5062458077722194,1.0091574548639846,0
0.5649741995807076,0.2623894452899066,0
0.08963940412016265,0.4568364819501921,1
-0.2750191756265772,0.775750722642729,0
2.05879599858815,-0.029630728564550235,1
1.7934682401182473,0.27250770723831474,1
0.5932464571209738,0.4124241354493454,0
1.6722863210095955,-0.06774585065148593,1
0.029716474847976848,-0.3900425209363112,1
-0.6172475868572385,0.6880029791310176,0
2.0081446947774713,0.17996073224232592,1
0.31225517543455317,0.42453376608767757,1
0.8482991689937508,0.6033379933057275,0
1.225753730080774,0.16934756354203728,0
0.30525636972978093,1.0802028187402533,0
-1.05116947277207,0.2858805843296436,0
0.3750512798299207,0.9564453291479864,0
1.6162868401991004,-0.5250501163768391,1
0.3967968004388567,0.6192787367828411,0
-0.01498806186857922,0.13184110253992096,1
1.0182719787277792,0.7061545710551528,0
-0.992766217522058,0.8136923776982334,0
1.5339248532005145,-0.3039486031532674,1
-0.001621257248238847,-0.17361476281983879,1
1.6822282961940733,-0.07192934912373927,1
-0.27092599534448125,0.46887543489493333,0
1.9257688509922308,0.10118148706910285,1
-1.123659175220672,0.4272785047769576,0
0.18400092075909388,-0.4692588583728521,1
0.9011464612212569,0.8249626672001495,0
0.5007360103285426,-0.4729778121393097,1
-0.6548336055265163,0.21180774704174482,0
0.05681474700011302,0.8830877610686754,0
0.23934437895019178,-1.0786223740641245,1
-0.24934369874778012,1.2392934517790615,0
-0.09873784421114837,0.595143767861888,1
-0.5842150802650915,0.06102535790260505,0
0.6263639773021674,1.094509851470982,0
1.4686220091204647,0.2585021762675916,0
1.8248762152231133,0.0396789193451198,1
-0.2127114090382746,1.1689486272849772,0
0.8544773833312,-0.39005639771261025,1
0.5166033784029649,0.8976501896476438,0
0.543489304336296,0.2225482235474251,1
1.4050954878012982,-0.25588575863528606,1
0.3575394073002404,1.0394214775735418,0
-0.19562441940616215,0.42529439171662164,1
1.4159601442932663,-0.33172230078293297,1
0.21499200161988324,0.40504184300365276,0
-0.32561810712587996,0.3253664163137903,1
1.5841904454703604,-0.18152253525383572,1
1.133204950047796,0.578268947598372,0
-0.08378245261319181,0.3525986570801939,1
0.6364941582987713,-0.4445093309201064,1
1.523099728584393,0.1443721257202631,1
0.854498569271241,0.6274259106376391,0
2.1776312784185183,0.2819710681247685,1
-0.009166752710111248,0.9038572119885834,0
1.9271758724173258,0.015960794286706437,1
-0.6165007904085629,1.1273100059972028,0
0.4410944949440106,0.3741759958515338,0
0.43684027960880933,-0.17621661785679343,1
0.5539018206136186,-0.3850171156156455,1
1.0232445892122781,-0.5435961274317733,1
2.070448044404193,0.1821806164887424,1
0.06846373356689432,-0.031665190661575915,1
1.609240376462219,0.3319459429294441,1
1.4946173465016785,-0.5321640429951121,1
